,강의수
0,"19개 챕터, 67개 세부강의"
1,"12개 챕터, 59개 세부강의"
2,"10개 챕터, 45개 세부강의"
3,"9개 챕터, 38개 세부강의"
4,"8개 챕터, 65개 세부강의"
5,"10개 챕터, 49개 세부강의"
6,"8개 챕터, 26개 세부강의"
7,"13개 챕터, 64개 세부강의"
8,"8개 챕터, 45개 세부강의"
9,"7개 챕터, 52개 세부강의"
10,"6개 챕터, 45개 세부강의"
11,"20개 챕터, 96개 세부강의"
12,"12개 챕터, 69개 세부강의"
13,"12개 챕터, 42개 세부강의"
14,"10개 챕터, 41개 세부강의"
15,"0개 챕터, 0개 세부강의"
16,"10개 챕터, 37개 세부강의"
17,"18개 챕터, 80개 세부강의"
18,"20개 챕터, 334개 세부강의"
19,"9개 챕터, 37개 세부강의"
20,"6개 챕터, 23개 세부강의"
21,"8개 챕터, 36개 세부강의"
22,"8개 챕터, 30개 세부강의"
23,"10개 챕터, 33개 세부강의"
24,"7개 챕터, 33개 세부강의"
25,"7개 챕터, 101개 세부강의"
26,"10개 챕터, 35개 세부강의"
27,"9개 챕터, 67개 세부강의"
28,"5개 챕터, 22개 세부강의"
29,"9개 챕터, 52개 세부강의"
30,"10개 챕터, 64개 세부강의"
31,"8개 챕터, 35개 세부강의"
32,"9개 챕터, 32개 세부강의"
33,"7개 챕터, 34개 세부강의"
34,"11개 챕터, 73개 세부강의"
35,"7개 챕터, 22개 세부강의"
36,"7개 챕터, 33개 세부강의"
37,"9개 챕터, 29개 세부강의"
38,"6개 챕터, 19개 세부강의"
39,"8개 챕터, 35개 세부강의"
40,"8개 챕터, 43개 세부강의"
41,"7개 챕터, 40개 세부강의"
42,"10개 챕터, 34개 세부강의"
43,"8개 챕터, 29개 세부강의"
44,"12개 챕터, 32개 세부강의"
45,"8개 챕터, 20개 세부강의"
46,"10개 챕터, 28개 세부강의"
47,"10개 챕터, 40개 세부강의"
48,"7개 챕터, 19개 세부강의"
49,"9개 챕터, 38개 세부강의"
50,"8개 챕터, 23개 세부강의"
51,"7개 챕터, 29개 세부강의"
